{"cameraMode":{"drawMode":0,"name":"Shaded","section":"Shading Mode"},"sceneLighting":true,"audioPlay":false,"sceneViewState":{"showFog":true,"showMaterialUpdate":false,"showSkybox":true,"showFlares":true,"showImageEffects":true,"showParticleSystems":true},"in2DMode":false,"pivot":{"x":4.367243766784668,"y":2.2397301197052,"z":9.309415817260743},"rotation":{"x":0.1931583434343338,"y":0.013245351612567902,"z":-0.0026077856309711935,"w":0.9810752868652344},"size":6.936472415924072,"orthographic":false}